title,text,subject,date,label
URGENT: New World Order Plan Exposed,Documents reveal a secret plan for a new world order. Global elites are working together to eliminate national sovereignty. They want to create a one-world government and control everyone!,politics,2023-01-11,0
URGENT: Famous Celebrity Announces End of World Prediction,"A famous celebrity has predicted the end of the world. According to their calculations, a massive disaster will occur within the next few days. They say the government knows and is preparing bunkers for elites only.",news,2023-01-13,0
EXPOSED: What Food Companies Don't Want You to Know,Food companies are adding dangerous chemicals to your food. This secret has been hidden from the public for decades. They are poisoning us for profit. Many experts are warning people but the mainstream media won't report it.,health,2023-01-12,0
REVEALED: Politicians Taking Money from Foreign Governments,Leaked documents show top politicians taking money from foreign governments. They are selling out their country for personal gain. The corruption goes all the way to the top and no one is safe!,politics,2023-01-12,0
ELECTIONS: Proof That Voting Machines Were Hacked,Cyber experts have found proof that voting machines were hacked in the last election. The mainstream media refuses to cover this story. The steal was massive and they are trying to cover it up!,politics,2023-01-14,0
CELEBRITY SECRET: They're Not Who You Think They Are,Famous celebrities are not human! This shocking report reveals the truth about their real origins. They've been deceiving the public for years. The evidence is absolutely undeniable!,entertainment,2023-01-13,0
Stock Market Closes Higher Amid Positive Economic Data,"The stock market closed higher today following positive economic data including better than expected jobs report. Technology stocks led the gains, with major companies seeing increases of 3-5%. The Dow Jones Industrial Average rose 200 points, while the S&P 500 gained 1.2%.",business,2023-01-14,1
Climate Study Documents Rising Sea Levels,A comprehensive climate study documents rising sea levels and their potential impact on coastal communities. Researchers analyzed data from satellites and ocean buoys over a 30-year period. The study projects significant changes to coastlines by 2100 if emissions continue at current levels.,science,2023-01-10,1
Automobile Industry Reports Increase in Sales,"The automobile industry reported a 15% increase in vehicle sales compared to last year. Electric vehicles accounted for 25% of total sales, showing continued growth in the EV market. Analysts attribute the increase to improved supply chains and new model releases.",business,2023-01-08,1
International Summit Addresses Global Economic Cooperation,"World leaders gathered at an international summit to discuss global economic cooperation and trade policies. The meeting addressed issues including supply chain resilience, currency stability, and sustainable development. Representatives from over 40 countries attended the two-day conference.",world news,2023-01-12,1
Federal Reserve Maintains Interest Rate Policy,"The Federal Reserve announced it will maintain its current interest rate policy, citing continued progress toward its dual mandate of maximum employment and stable prices. The decision was unanimous among committee members. Economic projections show moderate growth expected for the next year.",business,2023-01-10,1
You Won't Believe This Secret About the Moon Landing,New evidence proves the moon landing was faked. NASA has been lying to us for decades. This footage shows exactly how they created the fake moon landing in a studio. The truth is finally coming out!,science,2023-01-13,0
WARNING: Vaccine Contains Microchips for Tracking,Shocking truth revealed about vaccines! They contain microscopic chips that track your every move. The government is using vaccines to spy on citizens. This is the end of privacy as we know it!,health,2023-01-12,0
Tech Giants Announce Partnership on AI Safety,Several major technology companies announced a partnership to develop safety standards for artificial intelligence. The collaboration aims to ensure AI systems are developed responsibly. The companies will share research and best practices to address potential risks.,technology,2023-01-11,1
International Trade Agreement Signed by Multiple Nations,An international trade agreement was signed by representatives from 30 countries. The agreement aims to reduce tariffs and improve economic cooperation. Experts predict the deal could increase global trade by 5% over the next decade. Implementation will begin next year.,world news,2023-01-11,1
Health Officials Report Decline in COVID Cases,Health officials reported a significant decline in COVID-19 cases this week. The decrease is attributed to vaccination efforts and natural immunity. Hospitalizations have also decreased by 30% compared to last month. Officials urge continued vigilance while praising public health measures.,health,2023-01-10,1
RUNNING OUT: This Essential Resource Will Be Gone in Days,Scientists warn that this essential resource will be completely gone within days. The government is hiding this from the public. Stock up now before it's too late. This could be the biggest crisis in history!,news,2023-01-12,0
Pharmaceutical Company Reports Positive Vaccine Trial Results,A pharmaceutical company reported positive results from its latest vaccine trial. The vaccine showed 95% effectiveness in preventing the disease with no serious side effects. The company plans to submit the data to regulatory authorities for approval. Distribution could begin within months.,health,2023-01-08,1
Scientists Discover New Species in Amazon Rainforest,Scientists have discovered a new species of frog in the Amazon rainforest. The discovery was made during a research expedition in the remote regions of Brazil. The new species has unique physical characteristics that distinguish it from related species. Researchers plan to study its habitat and behavior.,science,2023-01-13,1
Global Climate Summit Reaches Agreement on Emissions,World leaders have reached a new agreement on reducing carbon emissions at the global climate summit. The deal includes commitments from major economies to achieve net-zero emissions by 2050. Financial mechanisms will support developing countries in their transition to clean energy.,world news,2023-01-12,1
Doctors Reveal: This Common Food Causes Cancer,Doctors are hiding the truth about this common food that causes cancer. The government knows and does nothing because food companies pay them billions. Stop eating this immediately or you will get cancer!,health,2023-01-13,0
"ALERT: Banks About to Collapse, Withdraw Money Now",Insider sources reveal that major banks are about to collapse. Everyone is advised to withdraw their money immediately to avoid losing everything. The government is hiding the truth about the economy. This could happen any day now!,business,2023-01-14,0
President Announces New Economic Policy to Boost Growth,The president announced a new economic policy aimed at reducing unemployment and boosting economic growth. The policy includes tax cuts for small businesses and investments in infrastructure projects. Economic analysts say the measures could increase GDP by 2% over the next year. The proposal will be submitted to Congress for approval next week.,politics,2023-01-15,1
LEAKED: Secret Plan to Control Everyone's Mind,A leaked government document reveals a secret plan to control everyone's minds through television signals. The program has been running for years and most people don't even know it. They are turning us into zombies!,news,2023-01-11,0
CATASTROPHE: Giant Earthquake Will Destroy Entire Coast,Seismologists predict a massive earthquake will destroy the entire west coast within weeks. The government knows and isn't telling anyone. Millions will die if you don't prepare now!,news,2023-01-11,0
Tech Company Reports Record Quarterly Earnings,"A leading technology company reported record quarterly earnings, beating analyst expectations. Revenue increased by 20% year over year, reaching $50 billion. The company attributed the growth to strong demand for cloud services and artificial intelligence products.",business,2023-01-11,1
Medical Researchers Report Progress on Cancer Treatment,Medical researchers reported significant progress in cancer treatment at a major conference. Clinical trials show promising results for a new immunotherapy approach. The treatment has shown effectiveness in treating several types of cancer with fewer side effects than traditional chemotherapy.,science,2023-01-11,1
MIRACLE: This Simple Herb Cures All Diseases,"Big Pharma doesn't want you to know about this simple herb that cures cancer, diabetes, and heart disease. Doctors are paid to lie to you. This one weird trick will make all your health problems disappear!",health,2023-01-11,0
Senate Passes Bipartisan Infrastructure Bill,"The Senate passed a bipartisan infrastructure bill with a vote of 68-32. The legislation includes funding for roads, bridges, broadband internet, and public transit systems. Both Democrats and Republicans supported the measure, which represents one of the largest infrastructure investments in decades.",politics,2023-01-14,1
PANDEMIC 2: New Deadly Disease Spreading Rapidly,Health experts warn of a new deadly pandemic spreading across the world. The disease is more deadly than COVID and there's no treatment. The government is covering up the true extent of the outbreak!,health,2023-01-10,0
Cybersecurity Experts Recommend New Protection Measures,"Cybersecurity experts released new recommendations for protecting against online threats. The guidelines include using strong passwords, enabling two-factor authentication, and keeping software updated. Experts warn of increasing sophistication in cyber attacks targeting individuals and businesses.",technology,2023-01-08,1
Congressional Committee Holds Hearing on Climate Policy,"A congressional committee held a hearing on climate policy with testimony from environmental experts, industry representatives, and government officials. The discussion focused on reducing carbon emissions while maintaining economic growth. Lawmakers from both parties expressed support for renewable energy investments.",politics,2023-01-13,1
EXPOSED: Doctors Recommending Deadly Treatments,Big Pharma is paying doctors to recommend dangerous treatments instead of cures. They make billions keeping people sick. This doctor reveals the truth about what really works but is being suppressed.,health,2023-01-10,0
SHOCKING: Miracle Cure Found for All Diseases,Scientists have discovered a miracle cure that can treat all diseases. The cure has been suppressed by pharmaceutical companies because it would eliminate their profits. Big Pharma doesn't want you to know about this simple remedy.,health,2023-01-14,0
SECRET: World Leaders Belong to Secret Cult,Investigative journalists have uncovered evidence that world leaders belong to a secret cult. They meet in hidden locations and perform rituals. This explains everything wrong with politics today!,politics,2023-01-13,0
NASA Announces New Mars Mission Findings,NASA announced new findings from its Mars exploration mission. The rover has discovered evidence of ancient water activity on the red planet. Scientists are analyzing rock samples that may contain organic compounds. The findings could shed light on the planet's geological history.,science,2023-01-12,1
BREAKING: Secret Government Document Reveals Hidden Truth,A leaked document reveals that government officials have been hiding evidence of alien contact. Sources say the document contains shocking details about extraterrestrial life. The government has refused to comment. Share this before they delete it!,news,2023-01-15,0
United Nations Approves Peacekeeping Mission,The United Nations Security Council approved a new peacekeeping mission to the region. The mission will involve troops from 15 countries and focus on protecting civilians. The council emphasized the importance of stability and humanitarian assistance.,world news,2023-01-10,1
New Satellite Launch Improves Weather Forecasting,"A new weather satellite was successfully launched into orbit today. The satellite will provide more accurate and timely weather data. Meteorologists say it will significantly improve forecasting accuracy, especially for severe weather events. The satellite is expected to operate for at least 10 years.",technology,2023-01-09,1
Major Retail Chain Announces Expansion Plans,"A major retail chain announced plans to expand its operations with 500 new stores over the next three years. The expansion will create approximately 50,000 jobs across the country. The company cited strong consumer demand and successful store performance as reasons for the growth.",business,2023-01-09,1
Medical Study Shows Benefits of Exercise on Mental Health,"A new medical study shows that regular exercise significantly improves mental health outcomes. Researchers followed 10,000 participants over five years. Those who exercised at least three times per week reported lower levels of anxiety and depression. The findings support existing recommendations for physical activity.",health,2023-01-09,1
CONFIRMED: Time Traveler From Future Warns of Disaster,A person claiming to be a time traveler from the future has appeared on social media warning of an upcoming disaster. They say we have only days to prepare. They have correctly predicted several events in the past.,news,2023-01-12,0
SHOCKING: Famous Actor Found Dead in Hotel Room,Tragic news! A famous actor was found dead in a hotel room under mysterious circumstances. Sources say it was not suicide but something much more sinister. The mainstream media is covering up the real cause of death!,entertainment,2023-01-14,0
